UPC,Product Type,Price (excl. tax),Price (incl. tax),Tax,Availability,Number of reviews,product_page_url,title,product_description,category_name
b7f475238ed50429,Books,16.26,16.26,0.00,In stock (3 available),0,https://books.toscrape.com/catalogue/the-cat-in-the-hat-beginner-books-b-1_235/index.html,The Cat in the Hat (Beginner Books B-1),"Join the Cat in the Hat as he makes learning to read a joy! It’s a rainy day and Dick and Sally can’t find anything to do . . . until the Cat in the Hat unexpectedly appears and turns their dreary afternoon into a fun-filled extravaganza! This beloved Beginner Book by Dr. Seuss, which also features timeless Dr. Seuss characters such as Fish and Thing 1 and Thing 2, is fun Join the Cat in the Hat as he makes learning to read a joy! It’s a rainy day and Dick and Sally can’t find anything to do . . . until the Cat in the Hat unexpectedly appears and turns their dreary afternoon into a fun-filled extravaganza! This beloved Beginner Book by Dr. Seuss, which also features timeless Dr. Seuss characters such as Fish and Thing 1 and Thing 2, is fun to read aloud and easy to read alone. Written using 236 different words that any first or second grader can read, it’s a fixture in home and school libraries and a favorite among parents, beginning readers, teachers, and librarians.Originally created by Dr. Seuss, Beginner Books encourage children to read all by themselves, with simple words and illustrations that give clues to their meaning. ...more",Childrens
4c8ece50736f9e88,Books,28.54,28.54,0.00,In stock (3 available),0,https://books.toscrape.com/catalogue/red-the-true-story-of-red-riding-hood_210/index.html,Red: The True Story of Red Riding Hood,"""Red is the most wonder-filled fairy tale of them all!”—Chris Grabenstein, New York Times Bestselling author of Escape from Mr. Lemoncello's Library. Red is not afraid of the big bad wolf.She’s not afraid of anything . . . except magic. But when Red’s granny falls ill, it seems that only magic can save her, and fearless Red is forced to confront her one weakness. With the ""Red is the most wonder-filled fairy tale of them all!”—Chris Grabenstein, New York Times Bestselling author of Escape from Mr. Lemoncello's Library. Red is not afraid of the big bad wolf. She’s not afraid of anything . . . except magic. But when Red’s granny falls ill, it seems that only magic can save her, and fearless Red is forced to confront her one weakness. With the help of a blond, porridge-sampling nuisance called Goldie, Red goes on a quest to cure Granny. Her journey takes her through dwarves’ caverns to a haunted well and a beast’s castle. All the while, Red and Goldie are followed by a wolf and a huntsman—two mortal enemies who seek the girls’ help to defeat each other. And one of them just might have the magical solution Red is looking for. . . . Liesl Shurtliff weaves a spellbinding tale, shining the spotlight on a beloved character from her award-winning debut, Rump.    And don't miss Jack: The True Story of Jack and the Beanstalk, ""a delightful story of family, perseverance and courage"" (Booklist).From the Hardcover edition. ...more",Childrens
cc1ac978a6835ef6,Books,37.52,37.52,0.00,In stock (3 available),0,https://books.toscrape.com/catalogue/horrible-bear_168/index.html,Horrible Bear!,"The New York Times-bestselling duo behind Wolfie the Bunny presents a hilarious new book about accidents, outbursts, manners...and the power of saying ""I'm sorry.""Bear didn't mean to break a little girl's kite, but she's upset anyway--upset enough to shout ""HORRIBLE BEAR!"" Bear is indignant. He doesn't think he's horrible! Then Bear gets a truly Horrible Bear idea. What The New York Times-bestselling duo behind Wolfie the Bunny presents a hilarious new book about accidents, outbursts, manners...and the power of saying ""I'm sorry.""Bear didn't mean to break a little girl's kite, but she's upset anyway--upset enough to shout ""HORRIBLE BEAR!"" Bear is indignant. He doesn't think he's horrible! Then Bear gets a truly Horrible Bear idea. What will he do next? As Bear prepares to live up to his formerly undeserved reputation, the girl makes a mistake of her own, and realizes that maybe--just maybe--Bear isn't as horrible as she had thought. ...more",Childrens
621e2c310cec8d32,Books,10.79,10.79,0.00,In stock (3 available),0,https://books.toscrape.com/catalogue/green-eggs-and-ham-beginner-books-b-16_165/index.html,Green Eggs and Ham (Beginner Books B-16),"“Do you like green eggs and ham?” asks Sam-I-am in this Beginner Book by Dr. Seuss. In a house or with a mouse? In a boat or with a goat? On a train or in a tree? Sam keeps asking persistently. With unmistakable characters and signature rhymes, Dr. Seuss’s beloved favorite has cemented its place as a children’s classic. In this most famous of cumulative tales, the list of “Do you like green eggs and ham?” asks Sam-I-am in this Beginner Book by Dr. Seuss. In a house or with a mouse? In a boat or with a goat? On a train or in a tree? Sam keeps asking persistently. With unmistakable characters and signature rhymes, Dr. Seuss’s beloved favorite has cemented its place as a children’s classic. In this most famous of cumulative tales, the list of places to enjoy green eggs and ham, and friends to enjoy them with, gets longer and longer. Follow Sam-I-am as he insists that this unusual treat is indeed a delectable snack to be savored everywhere and in every way. Originally created by Dr. Seuss, Beginner Books encourage children to read all by themselves, with simple words and illustrations that give clues to their meaning. ...more",Childrens
157f693d9e600ccc,Books,10.62,10.62,0.00,In stock (3 available),0,https://books.toscrape.com/catalogue/counting-thyme_142/index.html,Counting Thyme,"When eleven-year-old Thyme Owens’ little brother, Val, is accepted into a new cancer drug trial, it’s just the second chance that he needs. But it also means the Owens family has to move to New York, thousands of miles away from Thyme’s best friend and everything she knows and loves. The island of Manhattan doesn’t exactly inspire new beginnings, but Thyme tries to embrace When eleven-year-old Thyme Owens’ little brother, Val, is accepted into a new cancer drug trial, it’s just the second chance that he needs. But it also means the Owens family has to move to New York, thousands of miles away from Thyme’s best friend and everything she knows and loves. The island of Manhattan doesn’t exactly inspire new beginnings, but Thyme tries to embrace the change for what it is: temporary.After Val’s treatment shows real promise and Mr. Owens accepts a full-time position in the city, Thyme has to face the frightening possibility that the move to New York is permanent. Thyme loves her brother, and knows the trial could save his life—she’d give anything for him to be well—but she still wants to go home, although the guilt of not wanting to stay is agonizing. She finds herself even more mixed up when her heart feels the tug of new friends, a first crush, and even a crotchety neighbor and his sweet whistling bird. All Thyme can do is count the minutes, the hours, and days, and hope time can bring both a miracle for Val and a way back home. ...more",Childrens
ef9c4f2465513956,Books,10.66,10.66,0.00,In stock (3 available),0,https://books.toscrape.com/catalogue/are-we-there-yet_122/index.html,Are We There Yet?,"Caldecott Medalist Dan Santat takes readers on the road trip of a lifetime!""Are we there yet?"" Every parent has heard this classic kid question on a long car ride--and after reading this astonishingly inventive new book (that even turns upside down for several pages!), you'll never look at being bored the same way again.Let's face it: everyone knows that car rides can be b Caldecott Medalist Dan Santat takes readers on the road trip of a lifetime!""Are we there yet?"" Every parent has heard this classic kid question on a long car ride--and after reading this astonishingly inventive new book (that even turns upside down for several pages!), you'll never look at being bored the same way again.Let's face it: everyone knows that car rides can be boring. And when things get boring, time slows down. In this book, a boy feels time slowing down so much that it starts going backward--into the time of pirates! Of princesses! Of dinosaurs! The boy was just trying to get to his grandmother's birthday party, but instead he's traveling through Ancient Egypt and rubbing shoulders with Ben Franklin. When time flies, who knows where--or when--he'll end up. ...more",Childrens
d7b463918d3b8c39,Books,52.88,52.88,0.00,In stock (2 available),0,https://books.toscrape.com/catalogue/diary-of-a-minecraft-zombie-book-1-a-scare-of-a-dare-an-unofficial-minecraft-book_99/index.html,Diary of a Minecraft Zombie Book 1: A Scare of a Dare (An Unofficial Minecraft Book),"Diary of a Minecraft Zombie Has a Fresh New Look! Ever wonder what it would be like to be a Minecraft Zombie? In the first book of this hilarious Minecraft adventure series, we get to read the diary of an actual 12 year old, Minecraft Zombie. Take a peek at what is really going on between the hollow eyes, and dead expression that we normally see when we face the dreaded Z Diary of a Minecraft Zombie Has a Fresh New Look! Ever wonder what it would be like to be a Minecraft Zombie? In the first book of this hilarious Minecraft adventure series, we get to read the diary of an actual 12 year old, Minecraft Zombie. Take a peek at what is really going on between the hollow eyes, and dead expression that we normally see when we face the dreaded Zombies of Minecraft. Are Zombies really different from us? You'll be surprised at what you discover. So, jump into this Minecraft adventure and find out!. Diary of a Zombie is a must-read for any kid who loves Minecraft. Kids ages 7+ can't wait to jump into to these Minecraft adventures! Get Your Copy Today! ...more",Childrens
1053fb7ee17a1f33,Books,28.34,28.34,0.00,In stock (1 available),0,https://books.toscrape.com/catalogue/matilda_32/index.html,Matilda,"Matilda is a little girl who is far too good to be true. At age five-and-a-half she's knocking off double-digit multiplication problems and blitz-reading Dickens. Even more remarkably, her classmates love her even though she's a super-nerd and the teacher's pet. But everything is not perfect in Matilda's world. For starters she has two of the most idiotic, self-centered pa Matilda is a little girl who is far too good to be true. At age five-and-a-half she's knocking off double-digit multiplication problems and blitz-reading Dickens. Even more remarkably, her classmates love her even though she's a super-nerd and the teacher's pet. But everything is not perfect in Matilda's world. For starters she has two of the most idiotic, self-centered parents who ever lived. Then there's the large, busty nightmare of a school principal, Mrs. (""The"") Trunchbull, a former hammer-throwing champion who flings children at will and is approximately as sympathetic as a bulldozer. Fortunately for Matilda, she has the inner resources to deal with such annoyances: astonishing intelligence, saintly patience, and an innate predilection for revenge.She warms up with some practical jokes aimed at her hapless parents, but the true test comes when she rallies in defense of her teacher, the sweet Miss Honey, against the diabolical Trunchbull. There is never any doubt that Matilda will carry the day. Even so, this wonderful story is far from predictable. Roald Dahl, while keeping the plot moving imaginatively, also has an unerring ear for emotional truth. The reader cares about Matilda because in addition to all her other gifts, she has real feelings. ...more",Childrens
1774749f2cee292f,Books,22.85,22.85,0.00,In stock (1 available),0,https://books.toscrape.com/catalogue/charlie-and-the-chocolate-factory-charlie-bucket-1_13/index.html,Charlie and the Chocolate Factory (Charlie Bucket #1),"Complete with stunning new movie art for the cover, and an eight-page full-color insert of stills from director Tim Burton's new adaptation, Dahl's treasured novel appears unabridged in this tie-in edition.",Childrens
