UPC,Product Type,Price (excl. tax),Price (incl. tax),Tax,Availability,Number of reviews,product_page_url,title,product_description,category_name
2da5edf8b5776c9a,Books,24.80,24.80,0.00,In stock (6 available),0,https://books.toscrape.com/catalogue/the-mysterious-affair-at-styles-hercule-poirot-1_452/index.html,The Mysterious Affair at Styles (Hercule Poirot #1),"Poirot, a Belgian refugee of the Great War, is settling in England near the home of Emily Inglethorp, who helped him to his new life. His friend Hastings arrives as a guest at her home. When the woman is killed, Poirot uses his detective skills to solve the mystery.",Mystery
6958de044cb28a84,Books,38.38,38.38,0.00,In stock (6 available),0,https://books.toscrape.com/catalogue/in-the-woods-dublin-murder-squad-1_433/index.html,In the Woods (Dublin Murder Squad #1),"A gorgeously written novel that marks the debut of an astonishing new voice in psychological suspense.As dusk approaches a small Dublin suburb in the summer of 1984, mothers begin to call their children home. But on this warm evening, three children do not return from the dark and silent woods. When the police arrive, they find only one of the children. He is gripping a tr A gorgeously written novel that marks the debut of an astonishing new voice in psychological suspense.As dusk approaches a small Dublin suburb in the summer of 1984, mothers begin to call their children home. But on this warm evening, three children do not return from the dark and silent woods. When the police arrive, they find only one of the children. He is gripping a tree trunk in terror, wearing blood-filled sneakers and unable to recall a single detail of the previous hours.Twenty years later, the found boy, Rob Ryan, is a detective on the Dublin Murder Squad and keeps his past a secret. But when a 12-year-old girl is found murdered in the same woods, he and Detective Cassie Maddox (his partner and closest friend) find themselves investigating a case chillingly similar to the previous unsolved mystery. Now, with only snippets of long-buried memories to guide him, Ryan has the chance to uncover both the mystery of the case before him and that of his own shadowy past. ...more",Mystery
f06039c29b5891fa,Books,23.05,23.05,0.00,In stock (3 available),0,https://books.toscrape.com/catalogue/the-silkworm-cormoran-strike-2_280/index.html,The Silkworm (Cormoran Strike #2),"Private investigator Cormoran Strike returns in a new mystery from Robert Galbraith, author of the #1 international bestseller The Cuckoo's Calling.When novelist Owen Quine goes missing, his wife calls in private detective Cormoran Strike. At first, Mrs. Quine just thinks her husband has gone off by himself for a few days—as he has done before—and she wants Strike to find Private investigator Cormoran Strike returns in a new mystery from Robert Galbraith, author of the #1 international bestseller The Cuckoo's Calling.When novelist Owen Quine goes missing, his wife calls in private detective Cormoran Strike. At first, Mrs. Quine just thinks her husband has gone off by himself for a few days—as he has done before—and she wants Strike to find him and bring him home.But as Strike investigates, it becomes clear that there is more to Quine's disappearance than his wife realizes. The novelist has just completed a manuscript featuring poisonous pen-portraits of almost everyone he knows. If the novel were to be published, it would ruin lives—meaning that there are a lot of people who might want him silenced.When Quine is found brutally murdered under bizarre circumstances, it becomes a race against time to understand the motivation of a ruthless killer, a killer unlike any Strike has encountered before... ...more",Mystery
dd003e904727281a,Books,43.45,43.45,0.00,In stock (3 available),0,https://books.toscrape.com/catalogue/the-exiled_247/index.html,The Exiled,"Can anyone ever truly outrun his past?Back in the 1980s, Wes Raney was an ambitious New York City Narcotics Detective with a growing drug habit of his own. While working undercover on a high-risk case, he made decisions that ultimately cost him not only his career, but also his family. Disgraced, Raney fled-but history is finally catching up with him.Now in his early forti Can anyone ever truly outrun his past?Back in the 1980s, Wes Raney was an ambitious New York City Narcotics Detective with a growing drug habit of his own. While working undercover on a high-risk case, he made decisions that ultimately cost him not only his career, but also his family. Disgraced, Raney fled-but history is finally catching up with him.Now in his early forties, Raney has been living in exile, the sole homicide investigator covering a two-hundred-mile stretch of desert in New Mexico. His solitude is his salvation-but it ends when a brutal drug deal gone wrong results in a triple murder. Staged in a locked underground bunker, the crime reawakens Raney's haunted and violent past.From the vast, unforgiving landscape of the American west to the mean streets of New York, The Exiled is at once a riveting murder mystery and a brilliant portrait of a man on the run from himself, an unforgettable thriller that is ""impossible to put down"" (Frank Bill). ...more",Mystery
1be6d3b121865edb,Books,19.21,19.21,0.00,In stock (3 available),0,https://books.toscrape.com/catalogue/the-cuckoos-calling-cormoran-strike-1_239/index.html,The Cuckoo's Calling (Cormoran Strike #1),"A BRILLIANT DEBUT MYSTERY IN A CLASSIC VEIN: DETECTIVE CORMORAN STRIKE INVESTIGATES A SUPERMODEL'S SUICIDE. After losing his leg to a land mine in Afghanistan, Cormoran Strike is barely scraping by as a private investigator. Strike is down to one client, and creditors are calling. He has also just broken up with his longtime girlfriend and is living in his office.Then John A BRILLIANT DEBUT MYSTERY IN A CLASSIC VEIN: DETECTIVE CORMORAN STRIKE INVESTIGATES A SUPERMODEL'S SUICIDE. After losing his leg to a land mine in Afghanistan, Cormoran Strike is barely scraping by as a private investigator. Strike is down to one client, and creditors are calling. He has also just broken up with his longtime girlfriend and is living in his office.Then John Bristow walks through his door with an amazing story: His sister, the legendary supermodel Lula Landry, known to her friends as the Cuckoo, famously fell to her death a few months earlier. The police ruled it a suicide, but John refuses to believe that. The case plunges Strike into the world of multimillionaire beauties, rock-star boyfriends, and desperate designers, and it introduces him to every variety of pleasure, enticement, seduction, and delusion known to man.You may think you know detectives, but you've never met one quite like Strike. You may think you know about the wealthy and famous, but you've never seen them under an investigation like this. Introducing Cormoran Strike, this is the acclaimed first crime novel by J.K. Rowling, writing under the pseudonym Robert Galbraith. ...more",Mystery
588ba85ff11a3263,Books,25.40,25.40,0.00,In stock (3 available),0,https://books.toscrape.com/catalogue/extreme-prey-lucas-davenport-26_154/index.html,Extreme Prey (Lucas Davenport #26),"The extraordinary new Lucas Davenport thriller from #1New York Times–bestselling author and Pulitzer Prize winner John Sandford. After the events in Gathering Prey, Lucas Davenport finds himself in a very unusual situation—no longer employed by the Minnesota BCA. His friend the governor is just cranking up a presidential campaign, though, and he invites Lucas to come alon The extraordinary new Lucas Davenport thriller from #1 New York Times–bestselling author and Pulitzer Prize winner John Sandford.   After the events in Gathering Prey, Lucas Davenport finds himself in a very unusual situation—no longer employed by the Minnesota BCA. His friend the governor is just cranking up a presidential campaign, though, and he invites Lucas to come along as part of his campaign staff. “Should be fun!” he says, and it kind of is—until they find they have a shadow: an armed man intent on killing the governor . . . and anyone who gets in the way. ...more",Mystery
b461cf238506c5b8,Books,24.72,24.72,0.00,In stock (3 available),0,https://books.toscrape.com/catalogue/career-of-evil-cormoran-strike-3_137/index.html,Career of Evil (Cormoran Strike #3),"Cormoran Strike is back, with his assistant Robin Ellacott, in a mystery based around soldiers returning from war.When a mysterious package is delivered to Robin Ellacott, she is horrified to discover that it contains a woman’s severed leg.Her boss, private detective Cormoran Strike, is less surprised but no less alarmed. There are four people from his past who he thinks c Cormoran Strike is back, with his assistant Robin Ellacott, in a mystery based around soldiers returning from war.When a mysterious package is delivered to Robin Ellacott, she is horrified to discover that it contains a woman’s severed leg.Her boss, private detective Cormoran Strike, is less surprised but no less alarmed. There are four people from his past who he thinks could be responsible – and Strike knows that any one of them is capable of sustained and unspeakable brutality.With the police focusing on the one suspect Strike is increasingly sure is not the perpetrator, he and Robin take matters into their own hands, and delve into the dark and twisted worlds of the other three men. But as more horrendous acts occur, time is running out for the two of them…Career of Evil is the third in the series featuring private detective Cormoran Strike and his assistant Robin Ellacott. A mystery and also a story of a man and a woman at a crossroads in their personal and professional lives. ...more",Mystery
b0913e67d38d5ed5,Books,57.70,57.70,0.00,In stock (1 available),0,https://books.toscrape.com/catalogue/the-no-1-ladies-detective-agency-no-1-ladies-detective-agency-1_76/index.html,The No. 1 Ladies' Detective Agency (No. 1 Ladies' Detective Agency #1),"The No.1 ladies' detective agency consists of one woman, the engaging and sassy Precious Ramotswe, who sets up shop in Gabarone, Botswana. This unlikely herione specialises in missing husbands, wayward daughters, con men and impostors.",Mystery
4280ac3eab57aa5d,Books,12.29,12.29,0.00,In stock (1 available),0,https://books.toscrape.com/catalogue/the-girl-you-lost_66/index.html,The Girl You Lost,"Eighteen years ago your baby daughter was snatched. Today, she came back. A sinister and darkly compelling psychological thriller from the No.1 bestselling author of The Girl With No Past. Eighteen years ago, Simone Porter’s six-month-old daughter, Helena, was abducted. Simone and husband, Matt, have slowly rebuilt their shattered lives, but the pain at losing their child Eighteen years ago your baby daughter was snatched. Today, she came back. A sinister and darkly compelling psychological thriller from the No.1 bestselling author of The Girl With No Past. Eighteen years ago, Simone Porter’s six-month-old daughter, Helena, was abducted. Simone and husband, Matt, have slowly rebuilt their shattered lives, but the pain at losing their child has never left them. Then a young woman, Grace, appears out of the blue and tells Simone she has information about her stolen baby. But just who is Grace – and can Simone trust her? When Grace herself disappears, Simone becomes embroiled in a desperate search for her daughter and the woman who has vital clues about her whereabouts. Simone is inching closer to the truth but it’ll take her into dangerous and disturbing territory. Simone lost her baby. Will she lose her life trying to find her? Read what people are saying about the Number One Bestseller, The Girl With No Past: ‘I read this in a day and found myself totally engaged with the plot. Kathryn Croft has pulled off a very accessible mystery, that exceeded my expectations and shows her talent. The ending was just right! Worth a read if you fancy a well paced mystery, on these dark autumnal nights.’ Northern Crime ‘Kept the tension and mystery going right until the end … An intense read that keeps you turning page after page.’ Crime Book Club ‘Wow! This book grabbed me from the very beginning! … To say this book is a page turner would be an understatement!’ Chat About Books ‘It kept me up all night and cost me my beauty sleep! I will get it out of the way immediately and tell you that this is one of the best thrillers I have read this year and it is fully deserving of my 5-star rating.’ Books Are Man’s Other Best Friend ‘BLIMEY. This book is GRIPPY - I sat and read it over the course of a day and a night, purely because I couldn't put it down.’ Reading Room with a View ‘The reader is kept guessing until the end. It's perfection for a thriller and the author does amazingly to keep our intrigue.’ Chic Toronto ‘Gripping, a real page turner… Excellent plot, and gripping stuff, that keeps the reader guessing until the end … raced to the end to find out what was happening and how it would all end … what a storyteller Kathryn Croft is!’ Emma’s Book Reviews ‘The concept of this book, and the story itself is phenomenal - honestly one of the best i have read, it really does outshine all other thrillers i have read.’ Afternoon Bookery ‘I really enjoyed this from start to finish. It's one of these books where you just HAVE to read JUST a couple more pages to see what is going to happen next. The author is very good at building suspense and revealing details bit by bit. It was totally unpredictable and had some very good twists. ...more",Mystery
ee61197edb882599,Books,15.85,15.85,0.00,In stock (1 available),0,https://books.toscrape.com/catalogue/the-girl-in-the-ice-dci-erika-foster-1_65/index.html,The Girl In The Ice (DCI Erika Foster #1),"Her eyes are wide open. Her lips parted as if to speak. Her dead body frozen in the ice…She is not the only one. When a young boy discovers the body of a woman beneath a thick sheet of ice in a South London park, Detective Erika Foster is called in to lead the murder investigation. The victim, a beautiful young socialite, appeared to have the perfect life. Yet when Erika b Her eyes are wide open. Her lips parted as if to speak. Her dead body frozen in the ice…She is not the only one. When a young boy discovers the body of a woman beneath a thick sheet of ice in a South London park, Detective Erika Foster is called in to lead the murder investigation. The victim, a beautiful young socialite, appeared to have the perfect life. Yet when Erika begins to dig deeper, she starts to connect the dots between the murder and the killings of three prostitutes, all found strangled, hands bound and dumped in water around London. What dark secrets is the girl in the ice hiding? As Erika inches closer to uncovering the truth, the killer is closing in on Erika. The last investigation Erika led went badly wrong… resulting in the death of her husband. With her career hanging by a thread, Erika must now battle her own personal demons as well as a killer more deadly than any she’s faced before. But will she get to him before he strikes again?A page-turning thriller packed with suspense. If you like Angela Marsons, Rachel Abbott and Karin Slaughter, discover Rob Bryndza’s new series today – at a special launch price. Watch out for more from DCI Erika FosterShe’s fearless. Respected. Unstoppable. Detective Erika Foster will catch a killer, whatever it takes. 1. THE GIRL IN THE ICE 2. THE NIGHT STALKER (COMING SOON) ...more",Mystery
95cdfd514098c38b,Books,20.30,20.30,0.00,In stock (1 available),0,https://books.toscrape.com/catalogue/blood-defense-samantha-brinkman-1_8/index.html,Blood Defense (Samantha Brinkman #1),"First in a new series from bestselling author and famed O. J. Simpson trial prosecutor Marcia Clark, a “terrific writer and storyteller” (James Patterson). Samantha Brinkman, an ambitious, hard-charging Los Angeles criminal defense attorney, is struggling to make a name for herself and to drag her fledgling practice into the big leagues. Sam lands a high-profile double-mu First in a new series from bestselling author and famed O. J. Simpson trial prosecutor Marcia Clark, a “terrific writer and storyteller” (James Patterson). Samantha Brinkman, an ambitious, hard-charging Los Angeles criminal defense attorney, is struggling to make a name for herself and to drag her fledgling practice into the big leagues. Sam lands a high-profile double-murder case in which one of the victims is a beloved TV star—and the defendant is a decorated veteran LAPD detective. It promises to be exactly the kind of media sensation that would establish her as a heavy hitter in the world of criminal law.Though Sam has doubts about his innocence, she and her two associates (her closest childhood friend and a brilliant ex-con) take the case. Notorious for living by her own rules—and fearlessly breaking everyone else’s—Samantha pulls out all the stops in her quest to uncover evidence that will clear the detective. But when a shocking secret at the core of the case shatters her personal world, Sam realizes that not only has her client been playing her, he might be one of the most dangerous sociopaths she’s ever encountered. ...more",Mystery
f684a82adc49f011,Books,53.98,53.98,0.00,In stock (1 available),0,https://books.toscrape.com/catalogue/1st-to-die-womens-murder-club-1_2/index.html,1st to Die (Women's Murder Club #1),"James Patterson, bestselling author of the Alex Cross novels Along Came a Spider, Kiss the Girls, and Pop Goes the Weasel, offers the first of a new series dubbed The Women's Murder Club, featuring a four-woman team that occasionally works outside the system. None of the gritty darkness or frenzied action is lost in 1st to Die, although the female protagonists offer an eve James Patterson, bestselling author of the Alex Cross novels Along Came a Spider, Kiss the Girls, and Pop Goes the Weasel, offers the first of a new series dubbed The Women's Murder Club, featuring a four-woman team that occasionally works outside the system. None of the gritty darkness or frenzied action is lost in 1st to Die, although the female protagonists offer an even deeper emotional context to this suspense thriller.Inspector Lindsay Boxer of the San Francisco Police Department suddenly finds herself in the middle of two horrifying situations: The first is that she's just learned she has an often-fatal blood disease. The second is a double homicide case she is now heading up that involves the murder of newlyweds on their wedding night. Burdened with Chris Raleigh, a new partner reassigned from the mayor's office, Lindsay finds that she has too much to deal with and turns to her best friend, Claire, the head ME on the case. Claire offers helpful advice and human, friendly contact amid a job filled with violence, cruelty, and fear.Soon a fledgling newspaper reporter, Cindy, makes contact with Lindsay looking for a career-making story. Although Lindsay can't officially comment on the case, the two women form a rapport, and Cindy joins Lindsay and Claire for their weekly meeting. When a second pair of newlyweds is murdered, and later a third, the investigation leads to a prominent crime writer, Nicholas Jenks, who has a history of spousal abuse and a predilection for kinky, dangerous sex games. With the help of an understanding assistant D.A., Jill Bernhardt, Lindsay tries to make a case against Jenks, who even had an affair with one of the slain women. Eventually Jill joins the Murder Club, and the four ladies share private interdepartmental information in an effort to track and stop the killer before he strikes again.The major subplot -- Lindsay's facing up to her illness even while she learns to fall in love again -- carefully compensates for the novel's coarse scenes of brutality. Lindsay Boxer is't merely an obsessed cop trailing a maniac; she's also a terrified woman confronting the onslaught of disease. The story lines balance out to show us the true mettle of someone who puts the safety of others before her own.Again, Patterson's skill for producing furiously paced fiction are evident as the novel breezes by rapidly. The short chapters keep the narrative leaping with increasingly taut plot elements, but there's an emotional commitment that makes our protagonist even more amiable and involving. 1st to Die is a novel that works as an intense series of character portraits that will leave the reader touched and delighted.--Tom Piccirilli ...more",Mystery
